<?xml version="1.0" encoding="UTF-8"?>
<project-private xmlns="http://www.netbeans.org/ns/project-private/1">
    <editor-bookmarks xmlns="http://www.netbeans.org/ns/editor-bookmarks/2" lastBookmarkId="0"/>
    <open-files xmlns="http://www.netbeans.org/ns/projectui-open-files/2">
        <group>
            <file>file:/D:/..%20radovi/angazovanje%20profesora%20po%20predmetima%20-%20IZIDORA/Izidora/Ispit2019Server/src/nit/NitZaZatvaranje.java</file>
            <file>file:/D:/..%20radovi/angazovanje%20profesora%20po%20predmetima%20-%20IZIDORA/Izidora/Ispit2019Server/src/logika/so/profesor/UnosProfesoraSO.java</file>
            <file>file:/D:/..%20radovi/angazovanje%20profesora%20po%20predmetima%20-%20IZIDORA/Izidora/Ispit2019Server/src/forme/ServerskaForma.java</file>
            <file>file:/D:/..%20radovi/angazovanje%20profesora%20po%20predmetima%20-%20IZIDORA/Izidora/Ispit2019Server/src/logika/so/profesor/IzmenaProfesoraSO.java</file>
            <file>file:/D:/..%20radovi/angazovanje%20profesora%20po%20predmetima%20-%20IZIDORA/Izidora/Ispit2019Server/src/logika/Kontroler.java</file>
            <file>file:/D:/..%20radovi/angazovanje%20profesora%20po%20predmetima%20-%20IZIDORA/Izidora/Ispit2019Server/src/serverskalogika/ObradaKlijentskihZahteva.java</file>
            <file>file:/D:/..%20radovi/angazovanje%20profesora%20po%20predmetima%20-%20IZIDORA/Izidora/Ispit2019Server/src/logika/so/OpstaSO.java</file>
            <file>file:/D:/..%20radovi/angazovanje%20profesora%20po%20predmetima%20-%20IZIDORA/Izidora/Ispit2019Server/src/db/DBBroker.java</file>
        </group>
    </open-files>
</project-private>
