<?xml version="1.0" encoding="UTF-8"?>
<project-private xmlns="http://www.netbeans.org/ns/project-private/1">
    <editor-bookmarks xmlns="http://www.netbeans.org/ns/editor-bookmarks/2" lastBookmarkId="0"/>
    <open-files xmlns="http://www.netbeans.org/ns/projectui-open-files/2">
        <group>
            <file>file:/D:/..%20radovi/angazovanje%20profesora%20po%20predmetima%20-%20IZIDORA/Izidora/Ispit2019Klijent/src/forme/GlavnaForma.java</file>
            <file>file:/D:/..%20radovi/angazovanje%20profesora%20po%20predmetima%20-%20IZIDORA/Izidora/Ispit2019Klijent/src/logika/AngazovanjeKontroler.java</file>
            <file>file:/D:/..%20radovi/angazovanje%20profesora%20po%20predmetima%20-%20IZIDORA/Izidora/Ispit2019Klijent/src/forme/Login.java</file>
            <file>file:/D:/..%20radovi/angazovanje%20profesora%20po%20predmetima%20-%20IZIDORA/Izidora/Ispit2019Klijent/src/forme/UnosPredmeta.java</file>
            <file>file:/D:/..%20radovi/angazovanje%20profesora%20po%20predmetima%20-%20IZIDORA/Izidora/Ispit2019Klijent/src/forme/UnosIzmenaprofesora.java</file>
            <file>file:/D:/..%20radovi/angazovanje%20profesora%20po%20predmetima%20-%20IZIDORA/Izidora/Ispit2019Klijent/src/komunikacija/Komunikacija.java</file>
        </group>
    </open-files>
</project-private>
